{
  "model_name": "LightGBM",
  "best_params": {
    "n_estimators": "100",
    "max_depth": "3",
    "learning_rate": "0.05"
  },
  "threshold": 0.29000000000000015,
  "feature_names": [
    "mean_rr",
    "sdnn",
    "rmssd",
    "pnn50",
    "mean_hr",
    "std_hr",
    "range_rr",
    "median_rr",
    "cv_rr",
    "sd1",
    "sd2",
    "sd1_sd2_ratio",
    "lf_power",
    "hf_power",
    "lf_hf_ratio",
    "total_power",
    "rr_count",
    "rr_coverage"
  ],
  "window_size_sec": 30,
  "window_stride_sec": 15,
  "min_rr_in_window": 10,
  "classes": {
    "0": "non_stress",
    "1": "stress"
  },
  "metrics": {
    "LightGBM (tuned)": {
      "accuracy": 0.6178,
      "f1": 0.5748,
      "precision": 0.4558,
      "recall": 0.778,
      "auc": 0.708
    }
  },
  "feature_importances": {
    "mean_rr": 100,
    "sdnn": 12,
    "rmssd": 18,
    "pnn50": 18,
    "mean_hr": 67,
    "std_hr": 8,
    "range_rr": 31,
    "median_rr": 23,
    "cv_rr": 9,
    "sd1": 15,
    "sd2": 43,
    "sd1_sd2_ratio": 18,
    "lf_power": 25,
    "hf_power": 47,
    "lf_hf_ratio": 31,
    "total_power": 29,
    "rr_count": 25,
    "rr_coverage": 67
  },
  "scaler_mean": [
    814.6988225467956,
    63.875918984614174,
    64.42733826097813,
    33.60545286228281,
    75.74401992568339,
    5.851347179159055,
    233.56644376899706,
    813.1723939969556,
    0.0778381954490816,
    46.68560387951503,
    74.62905627066723,
    0.6947041255329639,
    1107.7683163895185,
    864.8194318000511,
    1.6231751155019958,
    1982.2014415719257,
    21.951367781155014,
    0.5930730354863233
  ],
  "scaler_scale": [
    120.02277873553156,
    25.71454922318875,
    26.80817183804174,
    18.364444977205256,
    11.209440578148923,
    2.1321635458964727,
    90.3350705999867,
    123.63463386239273,
    0.027719445971900354,
    19.690268001763567,
    34.407222280421976,
    0.30088673755322204,
    1197.617487738674,
    729.2352697347882,
    1.7529579393506767,
    1680.7840802853927,
    8.288531991062406,
    0.2282154749858681
  ]
}